,mean,std,cov_%
Average_RT,0.0006225156473646,0.0001937632577052,31.13
T_nvcsw_total_delta,65169.48,709.2523870748893,1.09
T_nvcsw_total_pct_change,4.040109815468443,2.5783045435066216,63.82
T_vcsw_total_delta,65169.62,709.259887027977,1.09
T_vcsw_total_pct_change,4.0401178898230095,2.578305645919248,63.82
